"Geschlecht","Anzahl","Anteil","Mittel_sponsor","Mittel_co_sponsor"
"männlich",527,0.79,5.66034155597723,77.3681214421252
"weiblich",136,0.21,7.52941176470588,103.889705882353
